trial_id,run_order,session,circlip_id,expansion_cycle_no,controller,init_orientation_deg,rgbd_frame_id,selected_candidate,grasp_error_mm,force_cmd_N,force_peak_N,expansion_Dreq_mm,expansion_Dpk_mm,overshoot_pct,slip_mm,seating_tilt_deg,assembly_success,release_time_s,cycle_time_s,failure_mode,exclusion_flag,notes
1,1,S1,R001,1,C1,60,F000001,-1,2.921,20.0,24.35,20.104,21.523,7.056,3.321,9.533,1,6.17,9.17,none,0,SIMULATED from designed benchmark (Tables 16-17); not a measurement
2,2,S1,R001,2,C4,0,F000002,14,0.642,14.0,14.6,20.104,20.616,2.548,0.45,1.055,1,3.34,6.34,none,0,SIMULATED from designed benchmark (Tables 16-17); not a measurement
3,3,S1,R001,3,C3,60,F000003,5,1.132,14.0,17.36,20.104,21.403,6.461,0.982,5.706,1,3.86,6.86,none,0,SIMULATED from designed benchmark (Tables 16-17); not a measurement
4,4,S1,R001,4,C1,60,F000004,-1,3.147,20.0,24.04,20.104,21.976,9.311,1.622,7.405,1,5.12,8.12,none,0,SIMULATED from designed benchmark (Tables 16-17); not a measurement
5,5,S1,R001,5,C1,60,F000005,-1,8.205,20.0,23.57,20.104,23.045,14.629,2.332,10.826,0,5.37,8.37,over_expansion,0,SIMULATED from designed benchmark (Tables 16-17); not a measurement
6,6,S1,R001,6,C4,30,F000006,6,1.113,14.0,14.42,20.104,20.503,1.982,0.289,2.124,1,3.69,6.69,none,0,SIMULATED from designed benchmark (Tables 16-17); not a measurement
7,7,S1,R001,7,C3,0,F000007,2,0.826,14.0,17.3,20.104,20.497,1.952,0.713,1.729,1,3.77,6.77,none,0,SIMULATED from designed benchmark (Tables 16-17); not a measurement
8,8,S1,R001,8,C2,60,F000008,7,1.266,18.0,20.49,20.104,21.362,6.258,0.846,4.556,1,4.75,7.75,none,0,SIMULATED from designed benchmark (Tables 16-17); not a measurement
9,9,S1,R001,9,C1,0,F000009,-1,1.704,20.0,23.98,20.104,21.056,4.735,2.131,3.313,1,6.14,9.14,none,0,SIMULATED from designed benchmark (Tables 16-17); not a measurement
10,10,S1,R001,10,C1,60,F000010,-1,4.414,20.0,23.64,20.104,21.978,9.319,3.117,10.386,1,5.06,8.06,none,0,SIMULATED from designed benchmark (Tables 16-17); not a measurement
11,11,S1,R002,1,C2,30,F000011,12,1.819,18.0,21.41,20.095,21.17,5.349,0.638,4.754,1,4.37,7.37,none,0,SIMULATED from designed benchmark (Tables 16-17); not a measurement
12,12,S1,R002,2,C3,30,F000012,7,1.719,14.0,16.4,20.095,21.25,5.747,0.526,3.347,1,3.77,6.77,none,0,SIMULATED from designed benchmark (Tables 16-17); not a measurement
13,13,S1,R002,3,C3,60,F000013,2,1.341,14.0,15.29,20.095,21.007,4.537,1.284,5.642,1,4.27,7.27,none,0,SIMULATED from designed benchmark (Tables 16-17); not a measurement
14,14,S1,R002,4,C1,0,F000014,-1,2.165,20.0,24.61,20.095,21.405,6.515,1.058,3.924,1,5.84,8.84,none,0,SIMULATED from designed benchmark (Tables 16-17); not a measurement
15,15,S1,R002,5,C2,30,F000015,10,2.126,18.0,20.69,20.095,21.055,4.777,0.819,4.692,1,3.8,6.8,none,0,SIMULATED from designed benchmark (Tables 16-17); not a measurement
16,16,S1,R002,6,C2,30,F000016,2,0.899,18.0,20.01,20.095,21.322,6.102,1.218,6.347,1,4.03,7.03,none,0,SIMULATED from designed benchmark (Tables 16-17); not a measurement
17,17,S1,R002,7,C4,30,F000017,2,0.84,14.0,14.47,20.095,20.567,2.346,0.247,1.947,1,3.32,6.32,none,0,SIMULATED from designed benchmark (Tables 16-17); not a measurement
18,18,S1,R002,8,C3,30,F000018,0,1.084,14.0,17.88,20.095,20.631,2.666,0.351,1.303,1,3.63,6.63,none,0,SIMULATED from designed benchmark (Tables 16-17); not a measurement
19,19,S1,R002,9,C4,0,F000019,8,0.453,14.0,14.3,20.095,20.414,1.587,0.276,0.999,1,3.83,6.83,none,0,SIMULATED from designed benchmark (Tables 16-17); not a measurement
20,20,S1,R002,10,C2,0,F000020,7,1.134,18.0,21.43,20.095,20.765,3.333,0.515,6.5,0,3.8,6.8,excessive_tilt,0,SIMULATED from designed benchmark (Tables 16-17); not a measurement
21,21,S1,R003,1,C2,0,F000021,8,1.326,18.0,21.05,20.111,20.849,3.669,0.719,2.385,1,4.77,7.77,none,0,SIMULATED from designed benchmark (Tables 16-17); not a measurement
22,22,S1,R003,2,C2,0,F000022,9,1.569,18.0,19.51,20.111,21.076,4.8,1.126,2.89,1,3.41,6.41,none,0,SIMULATED from designed benchmark (Tables 16-17); not a measurement
23,23,S1,R003,3,C3,0,F000023,15,1.254,14.0,17.51,20.111,20.869,3.77,0.548,1.746,1,4.45,7.45,none,0,SIMULATED from designed benchmark (Tables 16-17); not a measurement
24,24,S1,R003,4,C1,30,F000024,-1,2.545,20.0,24.39,20.111,21.226,5.547,1.038,4.091,1,5.65,8.65,none,0,SIMULATED from designed benchmark (Tables 16-17); not a measurement
25,25,S1,R003,5,C4,30,F000025,12,0.849,14.0,13.99,20.111,20.708,2.971,0.403,1.021,1,3.47,6.47,none,0,SIMULATED from designed benchmark (Tables 16-17); not a measurement
26,26,S1,R003,6,C2,60,F000026,0,2.457,18.0,21.62,20.111,20.966,4.253,0.904,5.246,1,4.15,7.15,none,0,SIMULATED from designed benchmark (Tables 16-17); not a measurement
27,27,S1,R003,7,C4,30,F000027,11,0.689,14.0,14.18,20.111,20.708,2.968,0.302,1.968,1,3.63,6.63,none,0,SIMULATED from designed benchmark (Tables 16-17); not a measurement
28,28,S1,R003,8,C3,0,F000028,15,1.07,14.0,18.93,20.111,20.417,1.522,0.55,2.203,1,3.58,6.58,none,0,SIMULATED from designed benchmark (Tables 16-17); not a measurement
29,29,S1,R003,9,C4,30,F000029,6,0.962,14.0,13.34,20.111,20.544,2.154,0.441,1.566,1,3.51,6.51,none,0,SIMULATED from designed benchmark (Tables 16-17); not a measurement
30,30,S1,R003,10,C1,0,F000030,-1,2.105,20.0,24.32,20.111,21.705,7.924,1.927,2.92,1,5.68,8.68,none,0,SIMULATED from designed benchmark (Tables 16-17); not a measurement
31,31,S1,R004,1,C3,60,F000031,5,1.451,14.0,16.53,20.093,20.891,3.972,0.939,5.024,1,3.52,6.52,none,0,SIMULATED from designed benchmark (Tables 16-17); not a measurement
32,32,S1,R004,2,C4,60,F000032,14,2.448,14.0,14.25,20.093,20.552,2.285,0.461,2.808,1,3.22,6.22,none,0,SIMULATED from designed benchmark (Tables 16-17); not a measurement
33,33,S1,R004,3,C3,60,F000033,3,2.085,14.0,18.06,20.093,21.405,6.532,0.916,2.507,1,3.98,6.98,none,0,SIMULATED from designed benchmark (Tables 16-17); not a measurement
34,34,S1,R004,4,C4,0,F000034,5,0.432,14.0,14.33,20.093,20.579,2.419,0.205,1.053,1,3.19,6.19,none,0,SIMULATED from designed benchmark (Tables 16-17); not a measurement
35,35,S1,R004,5,C3,30,F000035,14,2.199,14.0,17.06,20.093,20.649,2.768,0.455,2.783,1,4.12,7.12,none,0,SIMULATED from designed benchmark (Tables 16-17); not a measurement
36,36,S1,R004,6,C4,60,F000036,11,1.379,14.0,12.29,20.093,20.427,1.663,0.152,3.224,1,2.64,5.64,none,0,SIMULATED from designed benchmark (Tables 16-17); not a measurement
37,37,S1,R004,7,C2,30,F000037,4,2.015,18.0,21.34,20.093,21.505,7.028,0.946,3.22,1,4.16,7.16,none,0,SIMULATED from designed benchmark (Tables 16-17); not a measurement
38,38,S1,R004,8,C4,60,F000038,4,1.366,14.0,14.19,20.093,21.066,4.841,0.279,1.26,1,3.22,6.22,none,0,SIMULATED from designed benchmark (Tables 16-17); not a measurement
39,39,S1,R004,9,C1,0,F000039,-1,2.02,20.0,25.04,20.093,21.643,7.716,0.83,2.851,1,5.48,8.48,none,0,SIMULATED from designed benchmark (Tables 16-17); not a measurement
40,40,S1,R004,10,C1,60,F000040,-1,5.239,20.0,22.35,20.093,21.523,7.12,1.855,9.452,1,5.8,8.8,none,0,SIMULATED from designed benchmark (Tables 16-17); not a measurement
41,41,S1,R005,1,C2,30,F000041,2,0.864,18.0,21.01,20.068,20.783,3.563,0.668,5.154,1,4.01,7.01,none,0,SIMULATED from designed benchmark (Tables 16-17); not a measurement
42,42,S1,R005,2,C3,30,F000042,7,1.297,14.0,16.73,20.068,20.904,4.167,0.483,2.793,1,3.94,6.94,none,0,SIMULATED from designed benchmark (Tables 16-17); not a measurement
43,43,S1,R005,3,C2,60,F000043,11,3.394,18.0,21.25,20.068,20.925,4.268,2.128,9.513,1,3.82,6.82,none,0,SIMULATED from designed benchmark (Tables 16-17); not a measurement
44,44,S1,R005,4,C3,60,F000044,9,1.214,14.0,15.58,20.068,21.047,4.879,0.513,5.704,1,3.97,6.97,none,0,SIMULATED from designed benchmark (Tables 16-17); not a measurement
45,45,S1,R005,5,C2,60,F000045,4,2.507,18.0,20.82,20.068,21.692,8.093,1.338,9.179,1,4.69,7.69,none,0,SIMULATED from designed benchmark (Tables 16-17); not a measurement
46,46,S1,R005,6,C4,0,F000046,12,0.906,14.0,15.19,20.068,20.365,1.478,0.265,1.444,1,2.73,5.73,none,0,SIMULATED from designed benchmark (Tables 16-17); not a measurement
47,47,S1,R005,7,C4,60,F000047,11,0.99,14.0,14.0,20.068,20.557,2.437,0.348,2.34,1,3.25,6.25,none,0,SIMULATED from designed benchmark (Tables 16-17); not a measurement
48,48,S1,R005,8,C4,60,F000048,15,0.711,14.0,14.47,20.068,20.429,1.797,0.471,3.764,1,3.46,6.46,none,0,SIMULATED from designed benchmark (Tables 16-17); not a measurement
49,49,S1,R005,9,C4,0,F000049,11,0.856,14.0,13.76,20.068,20.737,3.332,0.169,1.658,1,3.27,6.27,none,0,SIMULATED from designed benchmark (Tables 16-17); not a measurement
50,50,S1,R005,10,C1,30,F000050,-1,4.142,20.0,23.04,20.068,22.027,9.76,2.029,6.567,0,5.42,8.42,over_expansion,0,SIMULATED from designed benchmark (Tables 16-17); not a measurement
51,51,S1,R006,1,C1,30,F000051,-1,2.383,20.0,23.18,20.081,21.94,9.262,1.715,5.548,1,5.41,8.41,none,0,SIMULATED from designed benchmark (Tables 16-17); not a measurement
52,52,S1,R006,2,C1,0,F000052,-1,3.018,20.0,25.23,20.081,21.168,5.415,1.262,2.67,1,5.5,8.5,none,0,SIMULATED from designed benchmark (Tables 16-17); not a measurement
53,53,S1,R006,3,C3,0,F000053,14,0.773,14.0,17.41,20.081,20.948,4.321,0.793,2.307,1,3.82,6.82,none,0,SIMULATED from designed benchmark (Tables 16-17); not a measurement
54,54,S1,R006,4,C3,30,F000054,6,1.219,14.0,17.25,20.081,21.186,5.503,0.804,3.697,1,3.2,6.2,none,0,SIMULATED from designed benchmark (Tables 16-17); not a measurement
55,55,S1,R006,5,C1,30,F000055,-1,3.869,20.0,24.22,20.081,21.175,5.451,2.253,4.204,1,5.07,8.07,none,0,SIMULATED from designed benchmark (Tables 16-17); not a measurement
56,56,S1,R006,6,C1,30,F000056,-1,2.557,20.0,25.9,20.081,21.602,7.579,1.574,3.38,1,5.32,8.32,none,0,SIMULATED from designed benchmark (Tables 16-17); not a measurement
57,57,S1,R006,7,C2,60,F000057,9,2.434,18.0,20.83,20.081,21.117,5.161,1.576,8.878,1,4.38,7.38,none,0,SIMULATED from designed benchmark (Tables 16-17); not a measurement
58,58,S1,R006,8,C2,0,F000058,5,1.385,18.0,20.99,20.081,21.391,6.527,1.646,3.366,1,4.33,7.33,none,0,SIMULATED from designed benchmark (Tables 16-17); not a measurement
59,59,S1,R006,9,C3,0,F000059,14,0.843,14.0,15.95,20.081,20.769,3.43,0.536,2.371,1,3.92,6.92,none,0,SIMULATED from designed benchmark (Tables 16-17); not a measurement
60,60,S1,R006,10,C2,0,F000060,3,1.805,18.0,20.23,20.081,20.594,2.558,0.554,4.678,1,4.26,7.26,none,0,SIMULATED from designed benchmark (Tables 16-17); not a measurement
61,61,S2,R007,1,C3,0,F000061,3,1.132,14.0,16.87,20.094,20.9,4.009,0.93,2.148,1,4.04,7.04,none,0,SIMULATED from designed benchmark (Tables 16-17); not a measurement
62,62,S2,R007,2,C4,30,F000062,2,0.697,14.0,13.65,20.094,20.365,1.346,0.3,0.955,1,3.2,6.2,none,0,SIMULATED from designed benchmark (Tables 16-17); not a measurement
63,63,S2,R007,3,C2,60,F000063,3,3.122,18.0,20.64,20.094,21.165,5.326,1.07,7.847,1,4.7,7.7,none,0,SIMULATED from designed benchmark (Tables 16-17); not a measurement
64,64,S2,R007,4,C2,30,F000064,9,2.0,18.0,21.15,20.094,21.196,5.483,0.883,7.491,1,4.08,7.08,none,0,SIMULATED from designed benchmark (Tables 16-17); not a measurement
65,65,S2,R007,5,C2,0,F000065,3,1.684,18.0,21.72,20.094,20.684,2.937,0.932,1.691,1,4.82,7.82,none,0,SIMULATED from designed benchmark (Tables 16-17); not a measurement
66,66,S2,R007,6,C2,30,F000066,5,2.015,18.0,22.77,20.094,20.606,2.544,0.501,5.591,1,3.65,6.65,none,0,SIMULATED from designed benchmark (Tables 16-17); not a measurement
67,67,S2,R007,7,C4,30,F000067,7,0.507,14.0,14.95,20.094,20.813,3.576,0.198,1.992,1,3.4,6.4,none,0,SIMULATED from designed benchmark (Tables 16-17); not a measurement
68,68,S2,R007,8,C2,30,F000068,12,2.478,18.0,20.81,20.094,21.157,5.286,1.68,6.817,1,4.2,7.2,none,0,SIMULATED from designed benchmark (Tables 16-17); not a measurement
69,69,S2,R007,9,C2,0,F000069,4,1.257,18.0,20.08,20.094,21.16,5.301,0.785,4.469,1,3.99,6.99,none,0,SIMULATED from designed benchmark (Tables 16-17); not a measurement
70,70,S2,R007,10,C3,30,F000070,14,0.991,14.0,15.8,20.094,20.894,3.978,1.086,4.573,1,4.14,7.14,none,0,SIMULATED from designed benchmark (Tables 16-17); not a measurement
71,71,S2,R008,1,C3,0,F000071,11,1.464,14.0,16.94,20.083,20.934,4.234,0.27,2.57,1,4.62,7.62,none,0,SIMULATED from designed benchmark (Tables 16-17); not a measurement
72,72,S2,R008,2,C1,60,F000072,-1,3.952,20.0,23.53,20.083,21.469,6.897,3.629,5.013,1,5.69,8.69,none,0,SIMULATED from designed benchmark (Tables 16-17); not a measurement
73,73,S2,R008,3,C4,0,F000073,7,0.883,14.0,13.5,20.083,20.53,2.223,0.133,1.083,1,3.35,6.35,none,0,SIMULATED from designed benchmark (Tables 16-17); not a measurement
74,74,S2,R008,4,C2,0,F000074,6,1.2,18.0,21.01,20.083,20.838,3.758,0.627,2.825,1,4.41,7.41,none,0,SIMULATED from designed benchmark (Tables 16-17); not a measurement
75,75,S2,R008,5,C1,0,F000075,-1,2.165,20.0,22.45,20.083,21.63,7.699,1.592,3.544,1,5.46,8.46,none,0,SIMULATED from designed benchmark (Tables 16-17); not a measurement
76,76,S2,R008,6,C1,60,F000076,-1,2.556,20.0,25.24,20.083,21.642,7.761,2.268,10.177,1,5.36,8.36,none,0,SIMULATED from designed benchmark (Tables 16-17); not a measurement
77,77,S2,R008,7,C4,60,F000077,3,0.643,14.0,13.77,20.083,20.676,2.948,0.444,2.457,1,2.88,5.88,none,0,SIMULATED from designed benchmark (Tables 16-17); not a measurement
78,78,S2,R008,8,C4,60,F000078,13,0.669,14.0,13.77,20.083,20.597,2.555,0.273,2.261,1,3.51,6.51,none,0,SIMULATED from designed benchmark (Tables 16-17); not a measurement
79,79,S2,R008,9,C3,60,F000079,11,2.141,14.0,16.68,20.083,21.249,5.806,0.815,2.624,1,4.0,7.0,none,0,SIMULATED from designed benchmark (Tables 16-17); not a measurement
80,80,S2,R008,10,C1,30,F000080,-1,1.862,20.0,23.25,20.083,21.513,7.118,1.403,4.973,1,5.4,8.4,none,0,SIMULATED from designed benchmark (Tables 16-17); not a measurement
81,81,S2,R009,1,C2,60,F000081,6,1.744,18.0,21.18,20.103,21.845,8.665,0.471,6.915,1,4.48,7.48,none,0,SIMULATED from designed benchmark (Tables 16-17); not a measurement
82,82,S2,R009,2,C1,30,F000082,-1,3.148,20.0,23.02,20.103,21.882,8.847,1.484,6.869,1,5.28,8.28,none,0,SIMULATED from designed benchmark (Tables 16-17); not a measurement
83,83,S2,R009,3,C1,30,F000083,-1,2.857,20.0,22.64,20.103,21.101,4.961,1.464,8.28,1,5.4,8.4,none,0,SIMULATED from designed benchmark (Tables 16-17); not a measurement
84,84,S2,R009,4,C2,60,F000084,8,2.303,18.0,21.09,20.103,21.21,5.503,1.857,5.072,1,3.43,6.43,none,0,SIMULATED from designed benchmark (Tables 16-17); not a measurement
85,85,S2,R009,5,C1,60,F000085,-1,5.28,20.0,22.64,20.103,21.404,6.468,1.526,13.445,0,5.08,8.08,grasp_point,0,SIMULATED from designed benchmark (Tables 16-17); not a measurement
86,86,S2,R009,6,C3,0,F000086,6,0.688,14.0,16.06,20.103,20.596,2.452,0.616,1.304,1,4.0,7.0,none,0,SIMULATED from designed benchmark (Tables 16-17); not a measurement
87,87,S2,R009,7,C1,30,F000087,-1,1.846,20.0,24.55,20.103,20.714,3.039,1.512,4.081,1,6.16,9.16,none,0,SIMULATED from designed benchmark (Tables 16-17); not a measurement
88,88,S2,R009,8,C3,30,F000088,10,1.387,14.0,17.23,20.103,21.117,5.043,0.587,2.573,1,4.3,7.3,none,0,SIMULATED from designed benchmark (Tables 16-17); not a measurement
89,89,S2,R009,9,C4,0,F000089,11,0.842,14.0,14.15,20.103,20.648,2.711,0.167,0.993,1,2.81,5.81,none,0,SIMULATED from designed benchmark (Tables 16-17); not a measurement
90,90,S2,R009,10,C2,60,F000090,12,1.463,18.0,20.61,20.103,21.075,4.833,1.294,13.923,0,4.17,7.17,contact_force,0,SIMULATED from designed benchmark (Tables 16-17); not a measurement
91,91,S2,R010,1,C1,30,F000091,-1,3.51,20.0,23.05,20.086,21.325,6.168,2.262,7.887,1,5.32,8.32,none,0,SIMULATED from designed benchmark (Tables 16-17); not a measurement
92,92,S2,R010,2,C4,0,F000092,9,0.688,14.0,14.05,20.086,20.976,4.429,0.234,1.664,1,3.02,6.02,none,0,SIMULATED from designed benchmark (Tables 16-17); not a measurement
93,93,S2,R010,3,C4,0,F000093,2,0.53,14.0,13.57,20.086,20.574,2.428,0.142,1.037,1,2.82,5.82,none,0,SIMULATED from designed benchmark (Tables 16-17); not a measurement
94,94,S2,R010,4,C2,30,F000094,4,1.952,18.0,19.34,20.086,21.349,6.288,1.417,6.815,1,4.29,7.29,none,0,SIMULATED from designed benchmark (Tables 16-17); not a measurement
95,95,S2,R010,5,C3,30,F000095,6,2.245,14.0,16.86,20.086,21.154,5.314,0.898,1.903,1,3.35,6.35,none,0,SIMULATED from designed benchmark (Tables 16-17); not a measurement
96,96,S2,R010,6,C3,60,F000096,4,1.858,14.0,16.32,20.086,21.13,5.198,0.8,7.31,1,4.02,7.02,none,0,SIMULATED from designed benchmark (Tables 16-17); not a measurement
97,97,S2,R010,7,C1,0,F000097,-1,2.001,20.0,25.06,20.086,21.933,9.195,1.322,1.641,1,5.81,8.81,none,0,SIMULATED from designed benchmark (Tables 16-17); not a measurement
98,98,S2,R010,8,C1,60,F000098,-1,4.371,20.0,24.01,20.086,21.589,7.48,10.352,9.78,0,5.23,8.23,slip,0,SIMULATED from designed benchmark (Tables 16-17); not a measurement
99,99,S2,R010,9,C4,60,F000099,9,1.066,14.0,15.15,20.086,20.836,3.731,0.557,3.223,1,3.59,6.59,none,0,SIMULATED from designed benchmark (Tables 16-17); not a measurement
100,100,S2,R010,10,C2,0,F000100,10,0.712,18.0,20.29,20.086,21.361,6.347,1.391,2.912,1,3.68,6.68,none,0,SIMULATED from designed benchmark (Tables 16-17); not a measurement
101,101,S2,R011,1,C3,60,F000101,10,1.535,14.0,16.61,20.064,21.729,8.295,0.578,2.846,1,3.71,6.71,none,0,SIMULATED from designed benchmark (Tables 16-17); not a measurement
102,102,S2,R011,2,C4,60,F000102,7,0.857,14.0,13.67,20.064,20.334,1.346,0.199,2.328,1,3.1,6.1,none,0,SIMULATED from designed benchmark (Tables 16-17); not a measurement
103,103,S2,R011,3,C2,30,F000103,7,1.944,18.0,21.49,20.064,21.448,6.894,0.889,4.681,1,4.14,7.14,none,0,SIMULATED from designed benchmark (Tables 16-17); not a measurement
104,104,S2,R011,4,C2,0,F000104,10,1.676,18.0,19.67,20.064,20.489,2.116,0.69,1.37,1,4.36,7.36,none,0,SIMULATED from designed benchmark (Tables 16-17); not a measurement
105,105,S2,R011,5,C3,30,F000105,5,1.197,14.0,16.92,20.064,20.97,4.516,0.503,3.943,1,4.21,7.21,none,0,SIMULATED from designed benchmark (Tables 16-17); not a measurement
106,106,S2,R011,6,C1,0,F000106,-1,1.244,20.0,23.43,20.064,20.834,3.836,0.988,7.053,1,5.42,8.42,none,0,SIMULATED from designed benchmark (Tables 16-17); not a measurement
107,107,S2,R011,7,C4,30,F000107,5,1.468,14.0,14.73,20.064,20.566,2.5,0.16,2.433,1,3.69,6.69,none,0,SIMULATED from designed benchmark (Tables 16-17); not a measurement
108,108,S2,R011,8,C4,60,F000108,9,1.247,14.0,13.56,20.064,20.692,3.128,0.246,1.44,1,3.33,6.33,none,0,SIMULATED from designed benchmark (Tables 16-17); not a measurement
109,109,S2,R011,9,C3,0,F000109,1,1.844,14.0,17.32,20.064,20.405,1.699,0.371,3.062,1,3.43,6.43,none,0,SIMULATED from designed benchmark (Tables 16-17); not a measurement
110,110,S2,R011,10,C4,30,F000110,3,0.974,14.0,13.19,20.064,20.597,2.653,0.211,1.424,1,3.04,6.04,none,0,SIMULATED from designed benchmark (Tables 16-17); not a measurement
111,111,S2,R012,1,C3,0,F000111,11,1.503,14.0,16.11,20.111,21.008,4.464,0.191,2.795,1,3.81,6.81,none,0,SIMULATED from designed benchmark (Tables 16-17); not a measurement
112,112,S2,R012,2,C4,0,F000112,8,0.879,14.0,14.0,20.111,20.614,2.501,0.165,0.83,1,3.19,6.19,none,0,SIMULATED from designed benchmark (Tables 16-17); not a measurement
113,113,S2,R012,3,C3,30,F000113,12,1.009,14.0,18.61,20.111,20.826,3.556,0.933,1.94,1,3.78,6.78,none,0,SIMULATED from designed benchmark (Tables 16-17); not a measurement
114,114,S2,R012,4,C1,60,F000114,-1,3.108,20.0,23.85,20.111,22.147,10.124,3.303,3.804,1,4.47,7.47,none,0,SIMULATED from designed benchmark (Tables 16-17); not a measurement
115,115,S2,R012,5,C3,60,F000115,14,2.759,14.0,17.96,20.111,20.674,2.802,1.118,3.098,1,3.61,6.61,none,0,SIMULATED from designed benchmark (Tables 16-17); not a measurement
116,116,S2,R012,6,C1,0,F000116,-1,3.271,20.0,24.38,20.111,21.716,7.984,1.758,3.46,1,5.86,8.86,none,0,SIMULATED from designed benchmark (Tables 16-17); not a measurement
117,117,S2,R012,7,C2,60,F000117,0,2.352,18.0,21.24,20.111,21.942,9.108,1.399,6.977,1,4.27,7.27,none,0,SIMULATED from designed benchmark (Tables 16-17); not a measurement
118,118,S2,R012,8,C3,60,F000118,15,1.551,14.0,16.43,20.111,21.622,7.516,1.052,5.57,0,3.71,6.71,excessive_tilt,0,SIMULATED from designed benchmark (Tables 16-17); not a measurement
119,119,S2,R012,9,C4,30,F000119,6,0.91,14.0,12.76,20.111,20.611,2.487,0.234,1.809,1,3.37,6.37,none,0,SIMULATED from designed benchmark (Tables 16-17); not a measurement
120,120,S2,R012,10,C1,0,F000120,-1,1.62,20.0,23.82,20.111,21.209,5.463,0.935,4.425,1,6.05,9.05,none,0,SIMULATED from designed benchmark (Tables 16-17); not a measurement
121,121,S3,R013,1,C2,30,F000121,11,1.841,18.0,21.46,20.109,21.035,4.606,0.927,5.107,1,4.24,7.24,none,0,SIMULATED from designed benchmark (Tables 16-17); not a measurement
122,122,S3,R013,2,C3,30,F000122,10,2.267,14.0,15.62,20.109,20.501,1.946,0.781,6.971,0,3.48,6.48,excessive_tilt,0,SIMULATED from designed benchmark (Tables 16-17); not a measurement
123,123,S3,R013,3,C2,60,F000123,8,1.327,18.0,21.45,20.109,21.144,5.144,3.553,4.277,0,4.36,7.36,slip,0,SIMULATED from designed benchmark (Tables 16-17); not a measurement
124,124,S3,R013,4,C4,60,F000124,12,0.925,14.0,11.78,20.109,20.634,2.608,0.616,1.853,1,3.32,6.32,none,0,SIMULATED from designed benchmark (Tables 16-17); not a measurement
125,125,S3,R013,5,C2,60,F000125,10,1.998,18.0,20.41,20.109,21.376,6.299,1.931,7.932,1,4.57,7.57,none,0,SIMULATED from designed benchmark (Tables 16-17); not a measurement
126,126,S3,R013,6,C4,60,F000126,0,1.093,14.0,14.23,20.109,20.865,3.757,0.551,1.739,1,3.53,6.53,none,0,SIMULATED from designed benchmark (Tables 16-17); not a measurement
127,127,S3,R013,7,C1,30,F000127,-1,4.09,20.0,23.1,20.109,20.79,3.385,5.354,4.41,0,4.85,7.85,slip,0,SIMULATED from designed benchmark (Tables 16-17); not a measurement
128,128,S3,R013,8,C3,30,F000128,11,2.061,14.0,17.67,20.109,20.866,3.762,0.614,3.053,1,3.36,6.36,none,0,SIMULATED from designed benchmark (Tables 16-17); not a measurement
129,129,S3,R013,9,C1,60,F000129,-1,2.733,20.0,23.77,20.109,21.09,4.875,2.025,11.467,1,5.88,8.88,none,0,SIMULATED from designed benchmark (Tables 16-17); not a measurement
130,130,S3,R013,10,C4,60,F000130,6,0.788,14.0,15.2,20.109,20.552,2.204,0.449,2.696,1,3.27,6.27,none,0,SIMULATED from designed benchmark (Tables 16-17); not a measurement
131,131,S3,R014,1,C1,30,F000131,-1,2.223,20.0,23.7,20.072,22.352,11.357,1.694,7.433,1,5.18,8.18,none,0,SIMULATED from designed benchmark (Tables 16-17); not a measurement
132,132,S3,R014,2,C4,60,F000132,7,1.427,14.0,13.76,20.072,20.401,1.639,0.724,2.603,1,3.31,6.31,none,0,SIMULATED from designed benchmark (Tables 16-17); not a measurement
133,133,S3,R014,3,C3,30,F000133,0,1.011,14.0,16.75,20.072,20.736,3.306,0.683,3.299,1,3.48,6.48,none,0,SIMULATED from designed benchmark (Tables 16-17); not a measurement
134,134,S3,R014,4,C2,0,F000134,14,1.2,18.0,20.98,20.072,20.802,3.636,0.903,3.356,1,4.55,7.55,none,0,SIMULATED from designed benchmark (Tables 16-17); not a measurement
135,135,S3,R014,5,C3,60,F000135,4,2.034,14.0,17.6,20.072,20.829,3.769,0.684,4.869,1,4.03,7.03,none,0,SIMULATED from designed benchmark (Tables 16-17); not a measurement
136,136,S3,R014,6,C3,0,F000136,13,1.695,14.0,16.81,20.072,21.297,6.104,0.812,1.832,1,4.55,7.55,none,0,SIMULATED from designed benchmark (Tables 16-17); not a measurement
137,137,S3,R014,7,C1,0,F000137,-1,2.456,20.0,24.39,20.072,21.153,5.387,1.061,3.0,0,4.29,7.29,mis_seat_or_ejection,0,SIMULATED from designed benchmark (Tables 16-17); not a measurement
138,138,S3,R014,8,C3,0,F000138,11,0.972,14.0,17.54,20.072,20.797,3.61,0.455,2.666,1,4.79,7.79,none,0,SIMULATED from designed benchmark (Tables 16-17); not a measurement
139,139,S3,R014,9,C4,30,F000139,3,0.37,14.0,14.12,20.072,20.442,1.842,0.292,2.179,1,2.67,5.67,none,0,SIMULATED from designed benchmark (Tables 16-17); not a measurement
140,140,S3,R014,10,C4,60,F000140,8,0.404,14.0,13.63,20.072,20.389,1.578,0.393,3.866,1,2.87,5.87,none,0,SIMULATED from designed benchmark (Tables 16-17); not a measurement
141,141,S3,R015,1,C2,60,F000141,3,2.017,18.0,21.15,20.127,21.393,6.291,1.298,9.155,1,4.76,7.76,none,0,SIMULATED from designed benchmark (Tables 16-17); not a measurement
142,142,S3,R015,2,C3,60,F000142,9,2.049,14.0,16.83,20.127,21.01,4.386,0.803,2.531,1,3.83,6.83,none,0,SIMULATED from designed benchmark (Tables 16-17); not a measurement
143,143,S3,R015,3,C1,60,F000143,-1,5.195,20.0,23.71,20.127,23.839,18.442,1.923,6.976,0,5.91,8.91,over_expansion,0,SIMULATED from designed benchmark (Tables 16-17); not a measurement
144,144,S3,R015,4,C3,60,F000144,13,2.107,14.0,18.15,20.127,21.268,5.667,0.827,1.643,1,3.93,6.93,none,0,SIMULATED from designed benchmark (Tables 16-17); not a measurement
145,145,S3,R015,5,C3,60,F000145,8,1.351,14.0,17.25,20.127,20.963,4.156,1.525,1.82,1,3.84,6.84,none,0,SIMULATED from designed benchmark (Tables 16-17); not a measurement
146,146,S3,R015,6,C1,60,F000146,-1,3.665,20.0,23.58,20.127,21.764,8.134,2.667,4.9,1,6.05,9.05,none,0,SIMULATED from designed benchmark (Tables 16-17); not a measurement
147,147,S3,R015,7,C3,30,F000147,8,1.703,14.0,16.9,20.127,20.526,1.984,0.424,3.509,1,4.02,7.02,none,0,SIMULATED from designed benchmark (Tables 16-17); not a measurement
148,148,S3,R015,8,C1,0,F000148,-1,3.202,20.0,23.34,20.127,21.515,6.894,0.809,3.548,1,4.88,7.88,none,0,SIMULATED from designed benchmark (Tables 16-17); not a measurement
149,149,S3,R015,9,C1,30,F000149,-1,4.445,20.0,24.55,20.127,21.646,7.547,1.414,3.687,1,5.37,8.37,none,0,SIMULATED from designed benchmark (Tables 16-17); not a measurement
150,150,S3,R015,10,C1,60,F000150,-1,3.641,20.0,22.89,20.127,21.792,8.271,1.286,12.676,1,5.55,8.55,none,0,SIMULATED from designed benchmark (Tables 16-17); not a measurement
151,151,S3,R016,1,C2,60,F000151,14,1.802,18.0,19.43,20.096,21.49,6.933,1.583,12.315,1,4.11,7.11,none,0,SIMULATED from designed benchmark (Tables 16-17); not a measurement
152,152,S3,R016,2,C2,30,F000152,7,1.898,18.0,20.75,20.096,21.957,9.258,1.514,8.376,1,4.43,7.43,none,0,SIMULATED from designed benchmark (Tables 16-17); not a measurement
153,153,S3,R016,3,C1,60,F000153,-1,3.633,20.0,25.42,20.096,22.197,10.453,2.223,21.679,0,6.03,9.03,excessive_tilt,0,SIMULATED from designed benchmark (Tables 16-17); not a measurement
154,154,S3,R016,4,C4,30,F000154,1,1.01,14.0,13.51,20.096,20.687,2.939,0.604,0.961,1,3.31,6.31,none,0,SIMULATED from designed benchmark (Tables 16-17); not a measurement
155,155,S3,R016,5,C1,0,F000155,-1,3.849,20.0,21.1,20.096,21.014,4.565,1.201,4.702,1,5.68,8.68,none,0,SIMULATED from designed benchmark (Tables 16-17); not a measurement
156,156,S3,R016,6,C4,30,F000156,13,1.685,14.0,14.21,20.096,20.678,2.893,0.309,1.532,1,3.71,6.71,none,0,SIMULATED from designed benchmark (Tables 16-17); not a measurement
157,157,S3,R016,7,C4,0,F000157,0,0.432,14.0,13.73,20.096,20.877,3.886,0.242,1.634,1,3.12,6.12,none,0,SIMULATED from designed benchmark (Tables 16-17); not a measurement
158,158,S3,R016,8,C3,0,F000158,7,0.984,14.0,18.12,20.096,20.642,2.715,0.5,2.157,1,4.22,7.22,none,0,SIMULATED from designed benchmark (Tables 16-17); not a measurement
159,159,S3,R016,9,C4,0,F000159,11,0.721,14.0,13.86,20.096,20.522,2.121,0.206,1.25,1,3.78,6.78,none,0,SIMULATED from designed benchmark (Tables 16-17); not a measurement
160,160,S3,R016,10,C1,0,F000160,-1,3.263,20.0,22.55,20.096,21.236,5.669,1.362,3.663,1,5.74,8.74,none,0,SIMULATED from designed benchmark (Tables 16-17); not a measurement
161,161,S3,R017,1,C2,30,F000161,1,1.662,18.0,18.73,20.08,21.053,4.848,1.096,6.743,1,4.52,7.52,none,0,SIMULATED from designed benchmark (Tables 16-17); not a measurement
162,162,S3,R017,2,C2,0,F000162,0,2.92,18.0,20.22,20.08,20.95,4.333,0.566,3.707,1,4.47,7.47,none,0,SIMULATED from designed benchmark (Tables 16-17); not a measurement
163,163,S3,R017,3,C3,0,F000163,5,1.415,14.0,16.9,20.08,20.489,2.037,0.443,2.235,1,3.97,6.97,none,0,SIMULATED from designed benchmark (Tables 16-17); not a measurement
164,164,S3,R017,4,C2,30,F000164,13,2.258,18.0,22.55,20.08,20.587,2.527,1.297,19.617,0,4.13,7.13,excessive_tilt,0,SIMULATED from designed benchmark (Tables 16-17); not a measurement
165,165,S3,R017,5,C2,30,F000165,6,0.938,18.0,19.31,20.08,21.203,5.596,0.572,3.261,1,4.05,7.05,none,0,SIMULATED from designed benchmark (Tables 16-17); not a measurement
166,166,S3,R017,6,C4,30,F000166,9,1.086,14.0,14.01,20.08,20.667,2.924,0.297,1.678,1,3.05,6.05,none,0,SIMULATED from designed benchmark (Tables 16-17); not a measurement
167,167,S3,R017,7,C2,0,F000167,4,1.504,18.0,20.87,20.08,21.199,5.577,1.462,2.843,1,4.03,7.03,none,0,SIMULATED from designed benchmark (Tables 16-17); not a measurement
168,168,S3,R017,8,C2,0,F000168,11,1.451,18.0,20.35,20.08,20.751,3.345,0.982,3.115,1,4.25,7.25,none,0,SIMULATED from designed benchmark (Tables 16-17); not a measurement
169,169,S3,R017,9,C3,30,F000169,10,0.632,14.0,17.01,20.08,20.791,3.543,0.498,2.955,1,3.9,6.9,none,0,SIMULATED from designed benchmark (Tables 16-17); not a measurement
170,170,S3,R017,10,C4,0,F000170,9,0.716,14.0,14.24,20.08,20.617,2.675,0.291,1.056,1,2.68,5.68,none,0,SIMULATED from designed benchmark (Tables 16-17); not a measurement
171,171,S3,R018,1,C1,30,F000171,-1,2.291,20.0,22.65,20.09,22.118,10.095,0.975,5.575,1,5.62,8.62,none,0,SIMULATED from designed benchmark (Tables 16-17); not a measurement
172,172,S3,R018,2,C4,0,F000172,3,0.405,14.0,14.88,20.09,20.392,1.507,0.305,1.277,1,4.0,7.0,none,0,SIMULATED from designed benchmark (Tables 16-17); not a measurement
173,173,S3,R018,3,C1,30,F000173,-1,2.041,20.0,24.19,20.09,22.007,9.544,1.274,4.569,1,5.19,8.19,none,0,SIMULATED from designed benchmark (Tables 16-17); not a measurement
174,174,S3,R018,4,C2,0,F000174,2,1.788,18.0,22.18,20.09,22.249,10.748,0.809,3.913,1,4.06,7.06,none,0,SIMULATED from designed benchmark (Tables 16-17); not a measurement
175,175,S3,R018,5,C2,60,F000175,0,3.368,18.0,20.43,20.09,21.835,8.688,1.56,9.19,0,4.43,7.43,over_expansion,0,SIMULATED from designed benchmark (Tables 16-17); not a measurement
176,176,S3,R018,6,C3,60,F000176,9,1.49,14.0,16.54,20.09,20.906,4.061,1.449,4.176,1,4.14,7.14,none,0,SIMULATED from designed benchmark (Tables 16-17); not a measurement
177,177,S3,R018,7,C1,0,F000177,-1,1.864,20.0,24.08,20.09,21.074,4.901,0.703,3.147,1,6.05,9.05,none,0,SIMULATED from designed benchmark (Tables 16-17); not a measurement
178,178,S3,R018,8,C4,30,F000178,5,0.435,14.0,14.59,20.09,20.683,2.953,0.343,1.011,1,2.98,5.98,none,0,SIMULATED from designed benchmark (Tables 16-17); not a measurement
179,179,S3,R018,9,C3,0,F000179,4,1.419,14.0,16.46,20.09,20.954,4.305,0.277,2.003,1,4.24,7.24,none,0,SIMULATED from designed benchmark (Tables 16-17); not a measurement
180,180,S3,R018,10,C4,0,F000180,13,0.742,14.0,13.21,20.09,20.563,2.355,0.132,1.365,1,3.08,6.08,none,0,SIMULATED from designed benchmark (Tables 16-17); not a measurement
181,181,S4,R019,1,C1,60,F000181,-1,2.951,20.0,23.95,20.112,22.313,10.944,1.463,6.002,1,5.64,8.64,none,0,SIMULATED from designed benchmark (Tables 16-17); not a measurement
182,182,S4,R019,2,C2,60,F000182,12,1.288,18.0,20.32,20.112,21.007,4.452,0.818,3.171,1,4.26,7.26,none,0,SIMULATED from designed benchmark (Tables 16-17); not a measurement
183,183,S4,R019,3,C1,0,F000183,-1,1.699,20.0,24.04,20.112,22.448,11.616,1.205,3.34,1,5.76,8.76,none,0,SIMULATED from designed benchmark (Tables 16-17); not a measurement
184,184,S4,R019,4,C4,60,F000184,3,1.383,14.0,15.15,20.112,20.849,3.669,0.395,2.399,1,3.19,6.19,none,0,SIMULATED from designed benchmark (Tables 16-17); not a measurement
185,185,S4,R019,5,C1,60,F000185,-1,1.263,20.0,24.2,20.112,21.061,4.719,2.591,7.465,1,5.11,8.11,none,0,SIMULATED from designed benchmark (Tables 16-17); not a measurement
186,186,S4,R019,6,C3,0,F000186,7,0.607,14.0,17.25,20.112,20.846,3.652,0.367,1.606,1,3.62,6.62,none,0,SIMULATED from designed benchmark (Tables 16-17); not a measurement
187,187,S4,R019,7,C2,0,F000187,7,0.853,18.0,21.13,20.112,20.993,4.384,0.858,3.323,1,4.75,7.75,none,0,SIMULATED from designed benchmark (Tables 16-17); not a measurement
188,188,S4,R019,8,C2,30,F000188,10,3.05,18.0,23.42,20.112,21.048,4.656,0.948,2.581,1,4.68,7.68,none,0,SIMULATED from designed benchmark (Tables 16-17); not a measurement
189,189,S4,R019,9,C2,0,F000189,0,1.593,18.0,19.18,20.112,21.211,5.469,1.224,4.373,1,4.03,7.03,none,0,SIMULATED from designed benchmark (Tables 16-17); not a measurement
190,190,S4,R019,10,C1,30,F000190,-1,1.758,20.0,23.53,20.112,21.351,6.163,1.223,3.659,1,5.32,8.32,none,0,SIMULATED from designed benchmark (Tables 16-17); not a measurement
191,191,S4,R020,1,C3,60,F000191,13,2.445,14.0,17.69,20.08,21.19,5.528,0.517,6.32,1,3.73,6.73,none,0,SIMULATED from designed benchmark (Tables 16-17); not a measurement
192,192,S4,R020,2,C3,30,F000192,2,1.028,14.0,16.02,20.08,20.62,2.691,0.649,6.227,1,4.2,7.2,none,0,SIMULATED from designed benchmark (Tables 16-17); not a measurement
193,193,S4,R020,3,C1,0,F000193,-1,2.276,20.0,24.73,20.08,21.537,7.258,0.711,4.955,1,5.14,8.14,none,0,SIMULATED from designed benchmark (Tables 16-17); not a measurement
194,194,S4,R020,4,C1,60,F000194,-1,2.427,20.0,24.43,20.08,21.424,6.696,2.829,19.403,1,5.87,8.87,none,0,SIMULATED from designed benchmark (Tables 16-17); not a measurement
195,195,S4,R020,5,C2,60,F000195,9,1.469,18.0,19.71,20.08,21.608,7.609,1.522,6.905,1,4.47,7.47,none,0,SIMULATED from designed benchmark (Tables 16-17); not a measurement
196,196,S4,R020,6,C4,30,F000196,7,0.847,14.0,13.63,20.08,20.524,2.214,0.192,1.566,1,3.27,6.27,none,0,SIMULATED from designed benchmark (Tables 16-17); not a measurement
197,197,S4,R020,7,C3,30,F000197,9,2.087,14.0,17.58,20.08,20.948,4.324,0.495,3.208,1,4.2,7.2,none,0,SIMULATED from designed benchmark (Tables 16-17); not a measurement
198,198,S4,R020,8,C1,30,F000198,-1,3.385,20.0,24.2,20.08,22.032,9.72,2.524,9.846,1,5.08,8.08,none,0,SIMULATED from designed benchmark (Tables 16-17); not a measurement
199,199,S4,R020,9,C2,0,F000199,4,1.384,18.0,20.77,20.08,20.753,3.354,0.45,5.938,1,4.8,7.8,none,0,SIMULATED from designed benchmark (Tables 16-17); not a measurement
200,200,S4,R020,10,C1,60,F000200,-1,3.683,20.0,23.98,20.08,21.471,6.929,3.009,4.018,1,5.38,8.38,none,0,SIMULATED from designed benchmark (Tables 16-17); not a measurement
201,201,S4,R021,1,C3,60,F000201,15,2.568,14.0,16.7,20.108,21.163,5.246,1.14,2.953,1,4.06,7.06,none,0,SIMULATED from designed benchmark (Tables 16-17); not a measurement
202,202,S4,R021,2,C2,60,F000202,1,3.173,18.0,18.94,20.108,22.54,12.095,0.933,3.597,1,4.12,7.12,none,0,SIMULATED from designed benchmark (Tables 16-17); not a measurement
203,203,S4,R021,3,C4,0,F000203,13,1.002,14.0,13.49,20.108,20.603,2.462,0.119,0.66,1,3.26,6.26,none,0,SIMULATED from designed benchmark (Tables 16-17); not a measurement
204,204,S4,R021,4,C4,30,F000204,4,0.837,14.0,13.63,20.108,20.809,3.49,0.356,0.878,1,3.56,6.56,none,0,SIMULATED from designed benchmark (Tables 16-17); not a measurement
205,205,S4,R021,5,C4,60,F000205,8,1.096,14.0,12.59,20.108,20.819,3.539,0.363,2.37,1,2.9,5.9,none,0,SIMULATED from designed benchmark (Tables 16-17); not a measurement
206,206,S4,R021,6,C2,30,F000206,8,2.552,18.0,20.31,20.108,21.701,7.925,0.869,2.791,1,4.08,7.08,none,0,SIMULATED from designed benchmark (Tables 16-17); not a measurement
207,207,S4,R021,7,C4,30,F000207,1,0.752,14.0,13.7,20.108,20.65,2.697,0.407,1.562,1,3.28,6.28,none,0,SIMULATED from designed benchmark (Tables 16-17); not a measurement
208,208,S4,R021,8,C4,60,F000208,15,1.302,14.0,13.66,20.108,20.908,3.981,0.217,1.671,1,3.32,6.32,none,0,SIMULATED from designed benchmark (Tables 16-17); not a measurement
209,209,S4,R021,9,C1,30,F000209,-1,3.569,20.0,25.35,20.108,21.316,6.007,1.475,3.173,1,5.45,8.45,none,0,SIMULATED from designed benchmark (Tables 16-17); not a measurement
210,210,S4,R021,10,C4,0,F000210,7,0.258,14.0,14.2,20.108,20.562,2.257,0.258,1.05,1,3.1,6.1,none,0,SIMULATED from designed benchmark (Tables 16-17); not a measurement
211,211,S4,R022,1,C4,30,F000211,15,0.78,14.0,14.36,20.112,20.652,2.688,0.236,3.307,1,3.5,6.5,none,0,SIMULATED from designed benchmark (Tables 16-17); not a measurement
212,212,S4,R022,2,C4,30,F000212,14,0.798,14.0,14.3,20.112,20.753,3.19,0.342,1.236,1,3.51,6.51,none,0,SIMULATED from designed benchmark (Tables 16-17); not a measurement
213,213,S4,R022,3,C1,0,F000213,-1,1.715,20.0,23.25,20.112,21.29,5.857,1.423,7.929,1,5.79,8.79,none,0,SIMULATED from designed benchmark (Tables 16-17); not a measurement
214,214,S4,R022,4,C2,0,F000214,1,1.768,18.0,21.53,20.112,21.226,5.542,1.802,4.53,1,4.19,7.19,none,0,SIMULATED from designed benchmark (Tables 16-17); not a measurement
215,215,S4,R022,5,C1,0,F000215,-1,3.33,20.0,24.15,20.112,21.249,5.652,0.863,5.018,1,5.98,8.98,none,0,SIMULATED from designed benchmark (Tables 16-17); not a measurement
216,216,S4,R022,6,C1,60,F000216,-1,2.52,20.0,23.26,20.112,21.369,6.25,2.332,5.556,1,4.81,7.81,none,0,SIMULATED from designed benchmark (Tables 16-17); not a measurement
217,217,S4,R022,7,C4,60,F000217,9,0.65,14.0,12.1,20.112,20.548,2.17,0.416,4.127,1,3.03,6.03,none,0,SIMULATED from designed benchmark (Tables 16-17); not a measurement
218,218,S4,R022,8,C1,0,F000218,-1,1.978,20.0,25.88,20.112,21.892,8.852,1.796,5.874,1,5.94,8.94,none,0,SIMULATED from designed benchmark (Tables 16-17); not a measurement
219,219,S4,R022,9,C2,30,F000219,5,1.542,18.0,21.54,20.112,20.848,3.658,1.109,6.983,1,4.17,7.17,none,0,SIMULATED from designed benchmark (Tables 16-17); not a measurement
220,220,S4,R022,10,C3,30,F000220,6,0.923,14.0,17.24,20.112,20.997,4.402,0.901,4.636,1,3.91,6.91,none,0,SIMULATED from designed benchmark (Tables 16-17); not a measurement
221,221,S4,R023,1,C2,60,F000221,12,2.309,18.0,21.5,20.081,21.466,6.9,1.421,6.691,1,4.08,7.08,none,0,SIMULATED from designed benchmark (Tables 16-17); not a measurement
222,222,S4,R023,2,C4,60,F000222,10,0.996,14.0,14.1,20.081,20.71,3.136,0.777,2.049,1,3.48,6.48,none,0,SIMULATED from designed benchmark (Tables 16-17); not a measurement
223,223,S4,R023,3,C3,60,F000223,6,1.902,14.0,18.05,20.081,20.711,3.138,1.54,5.475,1,3.78,6.78,none,0,SIMULATED from designed benchmark (Tables 16-17); not a measurement
224,224,S4,R023,4,C3,30,F000224,5,1.189,14.0,17.63,20.081,20.522,2.196,0.418,4.627,1,4.35,7.35,none,0,SIMULATED from designed benchmark (Tables 16-17); not a measurement
225,225,S4,R023,5,C1,30,F000225,-1,4.348,20.0,25.32,20.081,21.871,8.916,2.28,6.69,1,5.01,8.01,none,0,SIMULATED from designed benchmark (Tables 16-17); not a measurement
226,226,S4,R023,6,C3,30,F000226,3,1.224,14.0,17.83,20.081,20.361,1.396,1.218,3.962,1,3.77,6.77,none,0,SIMULATED from designed benchmark (Tables 16-17); not a measurement
227,227,S4,R023,7,C3,0,F000227,13,1.482,14.0,17.0,20.081,20.69,3.033,0.383,1.61,1,3.85,6.85,none,0,SIMULATED from designed benchmark (Tables 16-17); not a measurement
228,228,S4,R023,8,C3,0,F000228,9,1.208,14.0,15.7,20.081,20.539,2.281,0.679,1.717,1,4.55,7.55,none,0,SIMULATED from designed benchmark (Tables 16-17); not a measurement
229,229,S4,R023,9,C4,0,F000229,4,0.613,14.0,13.89,20.081,20.604,2.608,0.41,1.341,1,3.7,6.7,none,0,SIMULATED from designed benchmark (Tables 16-17); not a measurement
230,230,S4,R023,10,C2,60,F000230,11,3.02,18.0,21.09,20.081,21.589,7.514,2.006,4.291,1,3.98,6.98,none,0,SIMULATED from designed benchmark (Tables 16-17); not a measurement
231,231,S4,R024,1,C2,30,F000231,3,2.178,18.0,21.37,20.107,21.081,4.845,1.809,5.404,1,4.83,7.83,none,0,SIMULATED from designed benchmark (Tables 16-17); not a measurement
232,232,S4,R024,2,C3,0,F000232,1,1.134,14.0,17.47,20.107,20.764,3.269,0.923,4.284,1,4.01,7.01,none,0,SIMULATED from designed benchmark (Tables 16-17); not a measurement
233,233,S4,R024,3,C3,60,F000233,1,1.367,14.0,16.98,20.107,21.029,4.584,1.102,5.147,1,4.17,7.17,none,0,SIMULATED from designed benchmark (Tables 16-17); not a measurement
234,234,S4,R024,4,C2,0,F000234,9,1.121,18.0,20.76,20.107,20.587,2.389,0.675,4.292,1,4.48,7.48,none,0,SIMULATED from designed benchmark (Tables 16-17); not a measurement
235,235,S4,R024,5,C3,60,F000235,5,2.436,14.0,16.49,20.107,20.455,1.732,0.988,4.494,1,4.64,7.64,none,0,SIMULATED from designed benchmark (Tables 16-17); not a measurement
236,236,S4,R024,6,C3,0,F000236,7,1.224,14.0,16.64,20.107,20.504,1.977,0.312,3.969,1,4.33,7.33,none,0,SIMULATED from designed benchmark (Tables 16-17); not a measurement
237,237,S4,R024,7,C1,30,F000237,-1,2.372,20.0,24.31,20.107,21.862,8.731,1.129,10.18,1,5.05,8.05,none,0,SIMULATED from designed benchmark (Tables 16-17); not a measurement
238,238,S4,R024,8,C4,0,F000238,15,0.288,14.0,13.44,20.107,20.762,3.258,0.203,1.349,1,3.27,6.27,none,0,SIMULATED from designed benchmark (Tables 16-17); not a measurement
239,239,S4,R024,9,C4,0,F000239,12,1.295,14.0,14.35,20.107,20.7,2.952,0.464,1.627,1,3.53,6.53,none,0,SIMULATED from designed benchmark (Tables 16-17); not a measurement
240,240,S4,R024,10,C2,30,F000240,9,0.896,18.0,21.33,20.107,22.296,10.889,1.611,5.344,0,4.66,7.66,over_expansion,0,SIMULATED from designed benchmark (Tables 16-17); not a measurement
241,241,S5,R025,1,C4,30,F000241,2,0.696,14.0,14.51,20.103,20.38,1.376,0.175,1.6,1,3.34,6.34,none,0,SIMULATED from designed benchmark (Tables 16-17); not a measurement
242,242,S5,R025,2,C2,30,F000242,1,1.745,18.0,22.71,20.103,21.832,8.604,3.749,4.386,0,4.63,7.63,slip,0,SIMULATED from designed benchmark (Tables 16-17); not a measurement
243,243,S5,R025,3,C1,30,F000243,-1,1.65,20.0,25.0,20.103,22.939,14.107,1.087,4.541,1,4.78,7.78,none,0,SIMULATED from designed benchmark (Tables 16-17); not a measurement
244,244,S5,R025,4,C3,0,F000244,6,0.696,14.0,17.42,20.103,20.764,3.288,0.546,2.056,1,2.96,5.96,none,0,SIMULATED from designed benchmark (Tables 16-17); not a measurement
245,245,S5,R025,5,C4,30,F000245,8,0.758,14.0,12.56,20.103,20.576,2.352,0.278,2.087,1,3.03,6.03,none,0,SIMULATED from designed benchmark (Tables 16-17); not a measurement
246,246,S5,R025,6,C4,60,F000246,7,1.233,14.0,13.51,20.103,20.789,3.412,0.714,2.957,1,2.48,5.48,none,0,SIMULATED from designed benchmark (Tables 16-17); not a measurement
247,247,S5,R025,7,C2,60,F000247,3,1.647,18.0,22.2,20.103,21.784,8.365,1.408,7.545,1,4.65,7.65,none,0,SIMULATED from designed benchmark (Tables 16-17); not a measurement
248,248,S5,R025,8,C2,30,F000248,1,1.423,18.0,19.83,20.103,21.262,5.766,2.37,3.616,1,4.48,7.48,none,0,SIMULATED from designed benchmark (Tables 16-17); not a measurement
249,249,S5,R025,9,C4,60,F000249,7,1.126,14.0,13.37,20.103,20.874,3.835,0.361,3.229,1,2.4,5.4,none,0,SIMULATED from designed benchmark (Tables 16-17); not a measurement
250,250,S5,R025,10,C3,60,F000250,10,2.305,14.0,16.99,20.103,20.818,3.557,0.755,3.894,1,4.39,7.39,none,0,SIMULATED from designed benchmark (Tables 16-17); not a measurement
251,251,S5,R026,1,C2,0,F000251,0,2.068,18.0,20.91,20.092,21.941,9.199,0.577,2.816,1,3.73,6.73,none,0,SIMULATED from designed benchmark (Tables 16-17); not a measurement
252,252,S5,R026,2,C4,0,F000252,14,1.027,14.0,13.33,20.092,20.671,2.881,0.244,1.451,1,3.46,6.46,none,0,SIMULATED from designed benchmark (Tables 16-17); not a measurement
253,253,S5,R026,3,C3,0,F000253,7,1.704,14.0,16.82,20.092,20.953,4.285,0.294,1.792,1,3.76,6.76,none,0,SIMULATED from designed benchmark (Tables 16-17); not a measurement
254,254,S5,R026,4,C1,30,F000254,-1,2.16,20.0,23.67,20.092,21.242,5.72,1.081,5.578,1,5.4,8.4,none,0,SIMULATED from designed benchmark (Tables 16-17); not a measurement
255,255,S5,R026,5,C1,30,F000255,-1,3.034,20.0,24.69,20.092,21.347,6.246,2.684,5.013,1,5.42,8.42,none,0,SIMULATED from designed benchmark (Tables 16-17); not a measurement
256,256,S5,R026,6,C3,30,F000256,3,2.18,14.0,15.54,20.092,21.271,5.866,0.868,3.682,1,4.04,7.04,none,0,SIMULATED from designed benchmark (Tables 16-17); not a measurement
257,257,S5,R026,7,C4,0,F000257,15,0.807,14.0,13.01,20.092,20.526,2.158,0.181,0.592,0,3.13,6.13,mis_seat_or_ejection,0,SIMULATED from designed benchmark (Tables 16-17); not a measurement
258,258,S5,R026,8,C3,60,F000258,9,0.852,14.0,17.55,20.092,21.007,4.551,1.093,3.545,1,3.78,6.78,none,0,SIMULATED from designed benchmark (Tables 16-17); not a measurement
259,259,S5,R026,9,C3,30,F000259,6,1.256,14.0,15.9,20.092,20.471,1.884,0.516,2.538,1,3.37,6.37,none,0,SIMULATED from designed benchmark (Tables 16-17); not a measurement
260,260,S5,R026,10,C1,60,F000260,-1,2.13,20.0,25.33,20.092,20.918,4.108,5.928,10.83,0,5.58,8.58,slip,0,SIMULATED from designed benchmark (Tables 16-17); not a measurement
261,261,S5,R027,1,C1,0,F000261,-1,2.001,20.0,22.23,20.098,21.172,5.34,1.788,5.42,1,5.12,8.12,none,0,SIMULATED from designed benchmark (Tables 16-17); not a measurement
262,262,S5,R027,2,C3,60,F000262,13,1.69,14.0,17.83,20.098,20.718,3.085,1.831,5.227,1,3.15,6.15,none,0,SIMULATED from designed benchmark (Tables 16-17); not a measurement
263,263,S5,R027,3,C2,0,F000263,14,1.257,18.0,21.61,20.098,20.528,2.137,0.811,0.943,1,3.95,6.95,none,0,SIMULATED from designed benchmark (Tables 16-17); not a measurement
264,264,S5,R027,4,C4,60,F000264,4,1.245,14.0,13.49,20.098,20.892,3.949,0.29,2.955,1,3.95,6.95,none,0,SIMULATED from designed benchmark (Tables 16-17); not a measurement
265,265,S5,R027,5,C3,30,F000265,11,1.205,14.0,16.33,20.098,20.8,3.491,0.661,3.046,1,4.0,7.0,none,0,SIMULATED from designed benchmark (Tables 16-17); not a measurement
266,266,S5,R027,6,C2,60,F000266,12,2.379,18.0,19.43,20.098,21.094,4.953,1.086,7.897,1,4.55,7.55,none,0,SIMULATED from designed benchmark (Tables 16-17); not a measurement
267,267,S5,R027,7,C2,30,F000267,14,1.705,18.0,20.64,20.098,21.379,6.374,1.411,6.958,1,4.08,7.08,none,0,SIMULATED from designed benchmark (Tables 16-17); not a measurement
268,268,S5,R027,8,C1,30,F000268,-1,2.981,20.0,23.71,20.098,22.068,9.801,1.917,5.805,0,5.54,8.54,grasp_point,0,SIMULATED from designed benchmark (Tables 16-17); not a measurement
269,269,S5,R027,9,C4,30,F000269,5,1.753,14.0,14.52,20.098,20.483,1.914,0.307,1.953,1,3.11,6.11,none,0,SIMULATED from designed benchmark (Tables 16-17); not a measurement
270,270,S5,R027,10,C2,30,F000270,3,1.778,18.0,20.26,20.098,21.527,7.11,0.84,5.044,1,4.52,7.52,none,0,SIMULATED from designed benchmark (Tables 16-17); not a measurement
271,271,S5,R028,1,C4,60,F000271,1,0.725,14.0,13.27,20.103,20.769,3.313,0.364,2.545,1,3.11,6.11,none,0,SIMULATED from designed benchmark (Tables 16-17); not a measurement
272,272,S5,R028,2,C4,0,F000272,0,0.417,14.0,15.04,20.103,20.606,2.499,0.26,1.075,1,3.11,6.11,none,0,SIMULATED from designed benchmark (Tables 16-17); not a measurement
273,273,S5,R028,3,C2,60,F000273,11,2.555,18.0,20.63,20.103,21.659,7.737,1.643,6.447,1,4.89,7.89,none,0,SIMULATED from designed benchmark (Tables 16-17); not a measurement
274,274,S5,R028,4,C3,30,F000274,6,1.401,14.0,17.53,20.103,21.128,5.098,0.393,2.922,1,3.97,6.97,none,0,SIMULATED from designed benchmark (Tables 16-17); not a measurement
275,275,S5,R028,5,C2,0,F000275,10,1.677,18.0,19.82,20.103,20.955,4.235,1.089,3.478,1,4.04,7.04,none,0,SIMULATED from designed benchmark (Tables 16-17); not a measurement
276,276,S5,R028,6,C1,60,F000276,-1,3.904,20.0,23.83,20.103,22.602,12.43,2.887,10.251,1,4.78,7.78,none,0,SIMULATED from designed benchmark (Tables 16-17); not a measurement
277,277,S5,R028,7,C1,0,F000277,-1,0.749,20.0,25.2,20.103,21.6,7.445,1.429,4.661,1,5.43,8.43,none,0,SIMULATED from designed benchmark (Tables 16-17); not a measurement
278,278,S5,R028,8,C2,60,F000278,13,3.177,18.0,21.48,20.103,22.137,10.115,2.119,12.875,1,3.71,6.71,none,0,SIMULATED from designed benchmark (Tables 16-17); not a measurement
279,279,S5,R028,9,C1,30,F000279,-1,2.242,20.0,23.85,20.103,21.333,6.119,1.859,8.965,1,5.48,8.48,none,0,SIMULATED from designed benchmark (Tables 16-17); not a measurement
280,280,S5,R028,10,C4,60,F000280,7,1.37,14.0,13.61,20.103,20.429,1.622,0.808,4.296,1,3.08,6.08,none,0,SIMULATED from designed benchmark (Tables 16-17); not a measurement
281,281,S5,R029,1,C3,60,F000281,7,2.165,14.0,17.48,20.081,20.928,4.22,0.984,7.133,1,4.48,7.48,none,0,SIMULATED from designed benchmark (Tables 16-17); not a measurement
282,282,S5,R029,2,C1,0,F000282,-1,2.524,20.0,24.4,20.081,22.146,10.285,1.854,3.198,1,5.91,8.91,none,0,SIMULATED from designed benchmark (Tables 16-17); not a measurement
283,283,S5,R029,3,C1,60,F000283,-1,5.804,20.0,24.45,20.081,21.735,8.236,2.055,13.756,1,4.96,7.96,none,0,SIMULATED from designed benchmark (Tables 16-17); not a measurement
284,284,S5,R029,4,C1,0,F000284,-1,1.775,20.0,23.31,20.081,20.922,4.191,1.002,2.941,1,5.57,8.57,none,0,SIMULATED from designed benchmark (Tables 16-17); not a measurement
285,285,S5,R029,5,C2,30,F000285,13,1.856,18.0,22.01,20.081,21.38,6.472,1.067,8.377,1,4.67,7.67,none,0,SIMULATED from designed benchmark (Tables 16-17); not a measurement
286,286,S5,R029,6,C3,0,F000286,4,1.498,14.0,16.36,20.081,20.892,4.038,0.783,1.767,1,4.45,7.45,none,0,SIMULATED from designed benchmark (Tables 16-17); not a measurement
287,287,S5,R029,7,C4,0,F000287,9,0.211,14.0,13.51,20.081,20.389,1.537,0.306,2.549,1,3.04,6.04,none,0,SIMULATED from designed benchmark (Tables 16-17); not a measurement
288,288,S5,R029,8,C1,60,F000288,-1,2.468,20.0,26.26,20.081,21.965,9.382,3.568,6.679,1,6.11,9.11,none,0,SIMULATED from designed benchmark (Tables 16-17); not a measurement
289,289,S5,R029,9,C4,30,F000289,1,1.024,14.0,14.84,20.081,20.589,2.529,0.455,1.98,1,2.79,5.79,none,0,SIMULATED from designed benchmark (Tables 16-17); not a measurement
290,290,S5,R029,10,C2,0,F000290,4,0.769,18.0,19.75,20.081,21.241,5.776,1.197,2.308,1,4.39,7.39,none,0,SIMULATED from designed benchmark (Tables 16-17); not a measurement
291,291,S5,R030,1,C4,30,F000291,3,1.2,14.0,14.24,20.087,20.377,1.443,0.256,1.631,1,3.51,6.51,none,0,SIMULATED from designed benchmark (Tables 16-17); not a measurement
292,292,S5,R030,2,C3,0,F000292,7,1.525,14.0,18.0,20.087,20.705,3.075,0.808,2.331,1,3.79,6.79,none,0,SIMULATED from designed benchmark (Tables 16-17); not a measurement
293,293,S5,R030,3,C1,0,F000293,-1,2.759,20.0,24.25,20.087,20.804,3.568,0.791,2.747,1,5.8,8.8,none,0,SIMULATED from designed benchmark (Tables 16-17); not a measurement
294,294,S5,R030,4,C2,60,F000294,11,2.789,18.0,19.5,20.087,20.464,1.878,2.871,5.907,1,3.58,6.58,none,0,SIMULATED from designed benchmark (Tables 16-17); not a measurement
295,295,S5,R030,5,C3,60,F000295,1,1.094,14.0,17.23,20.087,21.098,5.032,1.354,5.104,1,3.47,6.47,none,0,SIMULATED from designed benchmark (Tables 16-17); not a measurement
296,296,S5,R030,6,C4,0,F000296,2,0.633,14.0,14.9,20.087,20.365,1.382,0.345,1.426,1,2.78,5.78,none,0,SIMULATED from designed benchmark (Tables 16-17); not a measurement
297,297,S5,R030,7,C3,30,F000297,6,1.23,14.0,17.66,20.087,20.826,3.682,1.35,1.608,1,4.22,7.22,none,0,SIMULATED from designed benchmark (Tables 16-17); not a measurement
298,298,S5,R030,8,C3,0,F000298,12,1.329,14.0,16.79,20.087,20.492,2.014,0.35,2.008,1,4.17,7.17,none,0,SIMULATED from designed benchmark (Tables 16-17); not a measurement
299,299,S5,R030,9,C1,60,F000299,-1,2.047,20.0,23.42,20.087,22.882,13.917,1.629,7.977,1,5.29,8.29,none,0,SIMULATED from designed benchmark (Tables 16-17); not a measurement
300,300,S5,R030,10,C2,0,F000300,5,1.806,18.0,21.8,20.087,21.367,6.375,1.522,3.2,1,4.58,7.58,none,0,SIMULATED from designed benchmark (Tables 16-17); not a measurement
301,301,S6,R031,1,C1,0,F000301,-1,1.538,20.0,23.35,20.138,20.614,2.363,1.971,4.22,1,5.54,8.54,none,0,SIMULATED from designed benchmark (Tables 16-17); not a measurement
302,302,S6,R031,2,C3,30,F000302,6,0.987,14.0,17.31,20.138,20.564,2.115,0.403,4.821,1,4.45,7.45,none,0,SIMULATED from designed benchmark (Tables 16-17); not a measurement
303,303,S6,R031,3,C2,60,F000303,7,4.271,18.0,19.74,20.138,21.137,4.96,1.271,8.984,1,4.3,7.3,none,0,SIMULATED from designed benchmark (Tables 16-17); not a measurement
304,304,S6,R031,4,C2,60,F000304,5,2.294,18.0,21.99,20.138,20.96,4.082,1.997,5.476,1,4.74,7.74,none,0,SIMULATED from designed benchmark (Tables 16-17); not a measurement
305,305,S6,R031,5,C1,0,F000305,-1,1.715,20.0,23.87,20.138,20.685,2.714,1.8,5.368,1,5.32,8.32,none,0,SIMULATED from designed benchmark (Tables 16-17); not a measurement
306,306,S6,R031,6,C4,0,F000306,10,0.887,14.0,14.73,20.138,20.662,2.603,0.194,1.489,1,3.36,6.36,none,0,SIMULATED from designed benchmark (Tables 16-17); not a measurement
307,307,S6,R031,7,C1,0,F000307,-1,2.276,20.0,23.63,20.138,21.696,7.732,1.119,3.738,1,5.69,8.69,none,0,SIMULATED from designed benchmark (Tables 16-17); not a measurement
308,308,S6,R031,8,C1,60,F000308,-1,2.478,20.0,22.75,20.138,22.143,9.953,2.159,5.703,1,5.54,8.54,none,0,SIMULATED from designed benchmark (Tables 16-17); not a measurement
309,309,S6,R031,9,C3,60,F000309,0,2.799,14.0,17.22,20.138,20.817,3.372,1.349,3.862,1,3.91,6.91,none,0,SIMULATED from designed benchmark (Tables 16-17); not a measurement
310,310,S6,R031,10,C1,60,F000310,-1,4.134,20.0,24.21,20.138,21.815,8.324,2.756,10.918,1,5.34,8.34,none,0,SIMULATED from designed benchmark (Tables 16-17); not a measurement
311,311,S6,R032,1,C4,60,F000311,7,0.956,14.0,14.29,20.08,20.487,2.029,0.382,6.186,1,3.38,6.38,none,0,SIMULATED from designed benchmark (Tables 16-17); not a measurement
312,312,S6,R032,2,C4,60,F000312,13,1.104,14.0,12.54,20.08,20.614,2.663,0.443,0.792,1,3.16,6.16,none,0,SIMULATED from designed benchmark (Tables 16-17); not a measurement
313,313,S6,R032,3,C2,30,F000313,12,2.203,18.0,20.06,20.08,21.531,7.227,0.687,2.609,1,4.47,7.47,none,0,SIMULATED from designed benchmark (Tables 16-17); not a measurement
314,314,S6,R032,4,C4,0,F000314,3,0.671,14.0,13.45,20.08,20.704,3.109,0.302,0.907,1,3.56,6.56,none,0,SIMULATED from designed benchmark (Tables 16-17); not a measurement
315,315,S6,R032,5,C1,0,F000315,-1,2.92,20.0,25.02,20.08,22.459,11.852,1.317,3.075,1,4.93,7.93,none,0,SIMULATED from designed benchmark (Tables 16-17); not a measurement
316,316,S6,R032,6,C3,0,F000316,8,1.035,14.0,16.24,20.08,20.818,3.678,0.861,1.066,1,4.08,7.08,none,0,SIMULATED from designed benchmark (Tables 16-17); not a measurement
317,317,S6,R032,7,C3,0,F000317,9,0.811,14.0,18.47,20.08,20.915,4.161,0.673,1.527,1,3.59,6.59,none,0,SIMULATED from designed benchmark (Tables 16-17); not a measurement
318,318,S6,R032,8,C3,30,F000318,3,1.415,14.0,17.27,20.08,21.035,4.756,0.679,1.493,1,3.86,6.86,none,0,SIMULATED from designed benchmark (Tables 16-17); not a measurement
319,319,S6,R032,9,C1,30,F000319,-1,1.903,20.0,23.19,20.08,20.712,3.149,2.192,6.264,1,4.94,7.94,none,0,SIMULATED from designed benchmark (Tables 16-17); not a measurement
320,320,S6,R032,10,C3,60,F000320,5,2.655,14.0,16.6,20.08,21.52,7.175,0.696,5.193,1,3.46,6.46,none,0,SIMULATED from designed benchmark (Tables 16-17); not a measurement
321,321,S6,R033,1,C2,30,F000321,7,1.092,18.0,21.88,20.1,21.229,5.621,0.757,7.912,1,4.27,7.27,none,0,SIMULATED from designed benchmark (Tables 16-17); not a measurement
322,322,S6,R033,2,C3,60,F000322,14,1.617,14.0,17.6,20.1,20.951,4.236,1.199,5.263,1,3.75,6.75,none,0,SIMULATED from designed benchmark (Tables 16-17); not a measurement
323,323,S6,R033,3,C3,60,F000323,14,3.243,14.0,16.92,20.1,20.661,2.792,1.461,4.415,1,3.41,6.41,none,0,SIMULATED from designed benchmark (Tables 16-17); not a measurement
324,324,S6,R033,4,C1,30,F000324,-1,0.945,20.0,24.17,20.1,22.066,9.781,0.867,5.33,0,5.24,8.24,grasp_point,0,SIMULATED from designed benchmark (Tables 16-17); not a measurement
325,325,S6,R033,5,C3,30,F000325,9,1.064,14.0,17.11,20.1,20.789,3.431,0.602,3.238,1,3.51,6.51,none,0,SIMULATED from designed benchmark (Tables 16-17); not a measurement
326,326,S6,R033,6,C4,0,F000326,9,0.648,14.0,12.44,20.1,20.635,2.664,0.218,0.989,1,3.22,6.22,none,0,SIMULATED from designed benchmark (Tables 16-17); not a measurement
327,327,S6,R033,7,C2,60,F000327,2,3.233,18.0,21.09,20.1,21.006,4.506,1.214,4.492,1,4.72,7.72,none,0,SIMULATED from designed benchmark (Tables 16-17); not a measurement
328,328,S6,R033,8,C2,60,F000328,5,1.219,18.0,20.92,20.1,21.17,5.323,1.44,7.599,1,4.78,7.78,none,0,SIMULATED from designed benchmark (Tables 16-17); not a measurement
329,329,S6,R033,9,C4,60,F000329,11,1.168,14.0,13.4,20.1,20.482,1.902,0.321,2.522,1,2.84,5.84,none,0,SIMULATED from designed benchmark (Tables 16-17); not a measurement
330,330,S6,R033,10,C3,30,F000330,4,1.558,14.0,17.42,20.1,21.088,4.916,0.475,2.863,1,3.65,6.65,none,0,SIMULATED from designed benchmark (Tables 16-17); not a measurement
331,331,S6,R034,1,C3,60,F000331,4,1.661,14.0,17.48,20.109,20.913,3.997,1.621,3.455,1,4.29,7.29,none,0,SIMULATED from designed benchmark (Tables 16-17); not a measurement
332,332,S6,R034,2,C3,30,F000332,7,0.751,14.0,15.74,20.109,20.4,1.447,0.657,2.047,1,4.18,7.18,none,0,SIMULATED from designed benchmark (Tables 16-17); not a measurement
333,333,S6,R034,3,C2,60,F000333,5,1.631,18.0,21.28,20.109,22.481,11.793,0.909,6.95,1,3.98,6.98,none,0,SIMULATED from designed benchmark (Tables 16-17); not a measurement
334,334,S6,R034,4,C4,30,F000334,15,1.223,14.0,14.99,20.109,20.315,1.022,0.365,2.472,1,3.53,6.53,none,0,SIMULATED from designed benchmark (Tables 16-17); not a measurement
335,335,S6,R034,5,C3,0,F000335,2,1.133,14.0,17.94,20.109,20.708,2.978,0.511,1.737,1,4.15,7.15,none,0,SIMULATED from designed benchmark (Tables 16-17); not a measurement
336,336,S6,R034,6,C3,0,F000336,4,2.107,14.0,15.82,20.109,20.676,2.819,0.433,1.967,1,4.1,7.1,none,0,SIMULATED from designed benchmark (Tables 16-17); not a measurement
337,337,S6,R034,7,C4,30,F000337,14,0.853,14.0,14.57,20.109,20.733,3.104,0.237,1.436,1,3.22,6.22,none,0,SIMULATED from designed benchmark (Tables 16-17); not a measurement
338,338,S6,R034,8,C4,30,F000338,10,0.627,14.0,12.85,20.109,20.541,2.147,0.31,1.852,1,3.31,6.31,none,0,SIMULATED from designed benchmark (Tables 16-17); not a measurement
339,339,S6,R034,9,C1,60,F000339,-1,5.275,20.0,24.17,20.109,22.394,11.362,2.582,7.979,1,5.44,8.44,none,0,SIMULATED from designed benchmark (Tables 16-17); not a measurement
340,340,S6,R034,10,C3,0,F000340,6,1.697,14.0,16.7,20.109,20.456,1.726,0.551,1.778,1,4.68,7.68,none,0,SIMULATED from designed benchmark (Tables 16-17); not a measurement
341,341,S6,R035,1,C1,0,F000341,-1,2.332,20.0,24.23,20.107,21.236,5.618,1.451,4.868,1,5.8,8.8,none,0,SIMULATED from designed benchmark (Tables 16-17); not a measurement
342,342,S6,R035,2,C1,60,F000342,-1,3.495,20.0,21.95,20.107,21.39,6.384,2.801,9.892,1,5.43,8.43,none,0,SIMULATED from designed benchmark (Tables 16-17); not a measurement
343,343,S6,R035,3,C1,60,F000343,-1,2.451,20.0,24.34,20.107,22.351,11.162,2.238,11.416,1,5.57,8.57,none,0,SIMULATED from designed benchmark (Tables 16-17); not a measurement
344,344,S6,R035,4,C1,30,F000344,-1,1.133,20.0,24.68,20.107,21.461,6.738,2.0,6.106,1,5.94,8.94,none,0,SIMULATED from designed benchmark (Tables 16-17); not a measurement
345,345,S6,R035,5,C1,30,F000345,-1,5.452,20.0,24.4,20.107,21.145,5.164,2.094,4.037,1,5.47,8.47,none,0,SIMULATED from designed benchmark (Tables 16-17); not a measurement
346,346,S6,R035,6,C2,0,F000346,7,1.658,18.0,21.49,20.107,20.97,4.294,2.022,7.077,1,4.38,7.38,none,0,SIMULATED from designed benchmark (Tables 16-17); not a measurement
347,347,S6,R035,7,C2,30,F000347,0,2.205,18.0,21.55,20.107,21.583,7.342,0.882,7.077,1,4.13,7.13,none,0,SIMULATED from designed benchmark (Tables 16-17); not a measurement
348,348,S6,R035,8,C2,0,F000348,9,0.797,18.0,20.92,20.107,21.018,4.534,1.617,2.774,1,4.47,7.47,none,0,SIMULATED from designed benchmark (Tables 16-17); not a measurement
349,349,S6,R035,9,C2,0,F000349,15,2.021,18.0,22.2,20.107,21.108,4.981,1.199,2.554,1,4.34,7.34,none,0,SIMULATED from designed benchmark (Tables 16-17); not a measurement
350,350,S6,R035,10,C4,30,F000350,5,1.011,14.0,14.53,20.107,20.718,3.043,0.637,1.797,1,3.69,6.69,none,0,SIMULATED from designed benchmark (Tables 16-17); not a measurement
351,351,S6,R036,1,C4,60,F000351,5,1.003,14.0,13.63,20.089,20.904,4.057,0.282,3.788,1,3.21,6.21,none,0,SIMULATED from designed benchmark (Tables 16-17); not a measurement
352,352,S6,R036,2,C2,0,F000352,10,2.176,18.0,21.27,20.089,21.243,5.744,1.174,2.643,1,4.65,7.65,none,0,SIMULATED from designed benchmark (Tables 16-17); not a measurement
353,353,S6,R036,3,C4,0,F000353,2,0.778,14.0,14.83,20.089,20.686,2.972,0.294,0.576,1,3.77,6.77,none,0,SIMULATED from designed benchmark (Tables 16-17); not a measurement
354,354,S6,R036,4,C4,0,F000354,13,0.606,14.0,15.24,20.089,20.65,2.79,0.135,1.748,1,3.15,6.15,none,0,SIMULATED from designed benchmark (Tables 16-17); not a measurement
355,355,S6,R036,5,C2,30,F000355,8,1.906,18.0,21.94,20.089,20.68,2.94,1.182,4.646,1,4.44,7.44,none,0,SIMULATED from designed benchmark (Tables 16-17); not a measurement
356,356,S6,R036,6,C2,0,F000356,2,1.281,18.0,20.64,20.089,21.352,6.286,0.733,2.298,1,4.27,7.27,none,0,SIMULATED from designed benchmark (Tables 16-17); not a measurement
357,357,S6,R036,7,C4,30,F000357,11,0.357,14.0,13.99,20.089,20.4,1.548,0.305,2.182,1,3.69,6.69,none,0,SIMULATED from designed benchmark (Tables 16-17); not a measurement
358,358,S6,R036,8,C1,30,F000358,-1,2.075,20.0,23.15,20.089,21.426,6.652,1.904,7.34,1,5.37,8.37,none,0,SIMULATED from designed benchmark (Tables 16-17); not a measurement
359,359,S6,R036,9,C2,30,F000359,2,2.01,18.0,20.31,20.089,20.917,4.122,0.941,4.699,1,3.48,6.48,none,0,SIMULATED from designed benchmark (Tables 16-17); not a measurement
360,360,S6,R036,10,C4,60,F000360,5,1.108,14.0,14.67,20.089,20.51,2.095,0.275,1.702,1,2.58,5.58,none,0,SIMULATED from designed benchmark (Tables 16-17); not a measurement
